{
  "exaone": {
    "curve": [
      -0.25999999046325684,
      -0.7099999785423279,
      -0.25,
      0.27000001072883606,
      0.20999999344348907,
      0.0,
      0.03999999910593033,
      -0.18000000715255737,
      0.18000000715255737,
      0.38999998569488525,
      0.5,
      0.4099999964237213,
      0.5299999713897705,
      1.2300000190734863,
      1.690000057220459,
      2.0,
      1.6299999952316284,
      2.049999952316284,
      2.200000047683716,
      1.7699999809265137,
      2.2200000286102295,
      2.0799999237060547,
      1.690000057220459,
      1.3600000143051147,
      1.75,
      1.5800000429153442,
      1.2100000381469727,
      0.3799999952316284,
      -0.4099999964237213,
      -0.7099999785423279,
      -2.0299999713897705,
      -2.609999895095825
    ],
    "neg_from": 28
  },
  "llama": {
    "curve": [
      -0.46000000834465027,
      -0.7300000190734863,
      -0.4099999964237213,
      -0.1899999976158142,
      0.20000000298023224,
      -0.7099999785423279,
      -0.6600000262260437,
      -0.7400000095367432,
      -0.9700000286102295,
      -1.2300000190734863,
      -1.5399999618530273,
      -1.6100000143051147,
      -0.7699999809265137,
      -0.6100000143051147,
      -1.0099999904632568,
      -0.8600000143051147,
      -0.6700000166893005,
      -0.8600000143051147,
      -0.7400000095367432,
      -0.6600000262260437,
      -0.5,
      -0.49000000953674316,
      -0.38999998569488525,
      -0.3100000023841858,
      -0.3100000023841858,
      -0.1899999976158142,
      -0.4300000071525574,
      -0.6200000047683716,
      -0.800000011920929,
      -0.7599999904632568,
      -0.8299999833106995,
      -0.949999988079071
    ],
    "neg_from": 5
  },
  "qwen": {
    "curve": [
      -0.5199999809265137,
      -0.3799999952316284,
      -0.05999999865889549,
      -0.4399999976158142,
      -0.3100000023841858,
      -0.03999999910593033,
      0.6399999856948853,
      1.399999976158142,
      1.309999942779541,
      1.2699999809265137,
      1.4600000381469727,
      1.2699999809265137,
      1.600000023841858,
      1.4800000190734863,
      1.350000023841858,
      1.5099999904632568,
      1.6699999570846558,
      1.9900000095367432,
      1.9299999475479126,
      1.2599999904632568,
      1.309999942779541,
      1.149999976158142,
      1.0499999523162842,
      0.23999999463558197,
      -0.47999998927116394,
      -0.4099999964237213,
      0.07000000029802322,
      0.36000001430511475,
      0.7300000190734863,
      0.07999999821186066,
      0.25999999046325684,
      0.05999999865889549,
      -0.07999999821186066,
      0.1599999964237213,
      -0.15000000596046448,
      -0.6499999761581421
    ],
    "neg_from": 34
  }
}