{
  "model": "llama",
  "stim": "v2",
  "fracs": [
    0.5,
    1.0,
    2.0
  ],
  "resid_norm_by_layer": [
    0.800000011920929,
    1.2000000476837158,
    1.7999999523162842,
    2.5999999046325684,
    3.4000000953674316,
    4.0,
    4.599999904632568,
    5.300000190734863,
    5.699999809265137,
    6.300000190734863,
    6.5,
    6.599999904632568,
    7.400000095367432,
    8.0,
    8.5,
    9.300000190734863,
    10.5,
    11.600000381469727,
    12.899999618530273,
    14.199999809265137,
    15.600000381469727,
    18.299999237060547,
    21.600000381469727,
    24.200000762939453,
    26.600000381469727,
    29.100000381469727,
    34.20000076293945,
    36.70000076293945,
    41.0,
    43.099998474121094,
    50.70000076293945,
    77.5
  ],
  "subject": {
    "grid": {
      "L2_f0.5": -0.9,
      "L2_f1.0": -1.08,
      "L2_f2.0": -0.86,
      "L7_f0.5": -0.79,
      "L7_f1.0": -0.73,
      "L7_f2.0": -0.63,
      "L12_f0.5": -0.21,
      "L12_f1.0": 0.57,
      "L12_f2.0": 1.05,
      "L17_f0.5": 0.96,
      "L17_f1.0": 2.51,
      "L17_f2.0": 3.73,
      "L22_f0.5": 1.65,
      "L22_f1.0": 3.48,
      "L22_f2.0": 4.35,
      "L27_f0.5": 2.07,
      "L27_f1.0": 3.65,
      "L27_f2.0": 5.03
    },
    "max_LD": 5.03,
    "cells_cross0": 11,
    "n_cells": 18
  },
  "object": {
    "grid": {
      "L2_f0.5": -1.42,
      "L2_f1.0": -0.93,
      "L2_f2.0": -0.75,
      "L7_f0.5": -1.4,
      "L7_f1.0": -1.17,
      "L7_f2.0": -0.59,
      "L12_f0.5": -1.31,
      "L12_f1.0": -0.94,
      "L12_f2.0": -0.25,
      "L17_f0.5": -0.8,
      "L17_f1.0": 0.34,
      "L17_f2.0": 2.13,
      "L22_f0.5": -0.29,
      "L22_f1.0": 0.92,
      "L22_f2.0": 2.31,
      "L27_f0.5": 0.48,
      "L27_f1.0": 2.13,
      "L27_f2.0": 3.44
    },
    "max_LD": 3.44,
    "cells_cross0": 7,
    "n_cells": 18
  }
}