{
  "model": "qwen",
  "stim": "v2",
  "fracs": [
    0.5,
    1.0,
    2.0
  ],
  "resid_norm_by_layer": [
    16.399999618530273,
    54.0,
    80.5999984741211,
    84.5,
    85.80000305175781,
    69.5,
    35.70000076293945,
    43.900001525878906,
    54.20000076293945,
    54.599998474121094,
    57.599998474121094,
    60.599998474121094,
    66.0,
    70.80000305175781,
    76.80000305175781,
    79.69999694824219,
    85.19999694824219,
    93.69999694824219,
    99.0,
    107.9000015258789,
    115.30000305175781,
    124.0999984741211,
    147.3000030517578,
    179.8000030517578,
    228.10000610351562,
    266.29998779296875,
    303.1000061035156,
    342.5,
    392.8999938964844,
    448.6000061035156,
    543.2999877929688,
    628.2000122070312,
    715.0999755859375,
    788.2999877929688,
    1149.0999755859375,
    1084.4000244140625
  ],
  "subject": {
    "grid": {
      "L2_f0.5": 0.83,
      "L2_f1.0": 2.12,
      "L2_f2.0": 1.94,
      "L7_f0.5": -1.83,
      "L7_f1.0": -2.86,
      "L7_f2.0": -3.12,
      "L12_f0.5": -1.71,
      "L12_f1.0": -2.17,
      "L12_f2.0": -2.03,
      "L17_f0.5": -1.86,
      "L17_f1.0": -1.31,
      "L17_f2.0": -0.26,
      "L22_f0.5": -1.42,
      "L22_f1.0": -1.29,
      "L22_f2.0": -1.25,
      "L27_f0.5": -0.19,
      "L27_f1.0": 1.32,
      "L27_f2.0": 2.23,
      "L32_f0.5": 0.02,
      "L32_f1.0": 2.14,
      "L32_f2.0": 4.99
    },
    "max_LD": 4.99,
    "cells_cross0": 8,
    "n_cells": 21
  },
  "object": {
    "grid": {
      "L2_f0.5": -1.65,
      "L2_f1.0": -1.76,
      "L2_f2.0": -0.32,
      "L7_f0.5": -1.32,
      "L7_f1.0": -1.5,
      "L7_f2.0": -1.3,
      "L12_f0.5": -1.24,
      "L12_f1.0": -1.16,
      "L12_f2.0": -0.6,
      "L17_f0.5": -0.92,
      "L17_f1.0": -0.54,
      "L17_f2.0": -0.6,
      "L22_f0.5": -0.57,
      "L22_f1.0": -0.1,
      "L22_f2.0": 0.34,
      "L27_f0.5": 0.22,
      "L27_f1.0": 0.96,
      "L27_f2.0": 0.19,
      "L32_f0.5": 0.54,
      "L32_f1.0": 1.04,
      "L32_f2.0": 1.46
    },
    "max_LD": 1.46,
    "cells_cross0": 7,
    "n_cells": 21
  }
}