{
  "model": "exaone",
  "stim": "v2",
  "fracs": [
    0.5,
    1.0,
    2.0
  ],
  "resid_norm_by_layer": [
    1.0,
    8.399999618530273,
    8.5,
    8.699999809265137,
    1.899999976158142,
    2.200000047683716,
    2.5999999046325684,
    2.9000000953674316,
    3.5,
    3.9000000953674316,
    4.599999904632568,
    5.0,
    5.199999809265137,
    5.800000190734863,
    6.0,
    6.400000095367432,
    7.0,
    7.599999904632568,
    8.399999618530273,
    9.399999618530273,
    10.699999809265137,
    11.899999618530273,
    13.699999809265137,
    15.300000190734863,
    17.100000381469727,
    18.0,
    19.299999237060547,
    20.600000381469727,
    22.299999237060547,
    25.399999618530273,
    30.399999618530273,
    56.29999923706055
  ],
  "subject": {
    "grid": {
      "L2_f0.5": -1.44,
      "L2_f1.0": -1.16,
      "L2_f2.0": 0.5,
      "L7_f0.5": -2.18,
      "L7_f1.0": -2.07,
      "L7_f2.0": -2.0,
      "L12_f0.5": -1.72,
      "L12_f1.0": -0.49,
      "L12_f2.0": 2.7,
      "L17_f0.5": -0.8,
      "L17_f1.0": 1.05,
      "L17_f2.0": 3.4,
      "L22_f0.5": 0.35,
      "L22_f1.0": 2.14,
      "L22_f2.0": 4.12,
      "L27_f0.5": -0.23,
      "L27_f1.0": 1.99,
      "L27_f2.0": 4.72
    },
    "max_LD": 4.72,
    "cells_cross0": 9,
    "n_cells": 18
  },
  "object": {
    "grid": {
      "L2_f0.5": -5.66,
      "L2_f1.0": -6.28,
      "L2_f2.0": -5.62,
      "L7_f0.5": -5.68,
      "L7_f1.0": -5.64,
      "L7_f2.0": -5.85,
      "L12_f0.5": -4.75,
      "L12_f1.0": -3.13,
      "L12_f2.0": -0.96,
      "L17_f0.5": -3.46,
      "L17_f1.0": -0.72,
      "L17_f2.0": 1.67,
      "L22_f0.5": -3.0,
      "L22_f1.0": -1.14,
      "L22_f2.0": -0.34,
      "L27_f0.5": -3.28,
      "L27_f1.0": -1.75,
      "L27_f2.0": -0.03
    },
    "max_LD": 1.67,
    "cells_cross0": 1,
    "n_cells": 18
  }
}